POS,N,S,D,R,K,H,Q,T,V,E,I,L
51,0.860353,0.009631,0.001605,0.049759,0.073836,0.001605,0.001605,0.001605,0,0,0,0
77,0.239165,0.717496,0,0.001605,0,0,0,0.041734,0,0,0,0
103,0.993579,0,0.001605,0,0.001605,0.00321,0,0,0,0,0,0
144,1,0,0,0,0,0,0,0,0,0,0,0
163,1,0,0,0,0,0,0,0,0,0,0,0
178,0.985554,0.012841,0,0,0.001605,0,0,0,0,0,0,0
212,1,0,0,0,0,0,0,0,0,0,0,0
237,0.998395,0,0,0,0.001605,0,0,0,0,0,0,0
247,0.94061,0.001605,0,0,0,0,0,0.001605,0.049759,0.00321,0.00321,0
264,0.918138,0.008026,0,0,0.006421,0,0,0,0,0,0.001605,0.065811
